"nivel","sigla","nombre","area_padre"
"1","DIR.SUP.","DIRECCION SUPERIOR","(RAIZ)"
"2","DRIGI","DIRECCION DE RELACIONAMIENTO INTERNACIONAL Y GESTION INTERINSTITUCIONAL","DIRECCION SUPERIOR"
"2","DTLC","DIRECCION DE TRANSPARENCIA Y LUCHA CONTRA LA CORRUPCION","DIRECCION SUPERIOR"
"2","GABINETE","GABINETE DESPACHO","DIRECCION SUPERIOR"
"3","GABINETE DESPACHO","GABINETE DESPACHO SECRETARIOS","GABINETE DESPACHO"
"3","UDNI","UNIDAD DESARROLLO NORMATIVO INTERNO","GABINETE DESPACHO"
"2","SAR","RECEPCION DE DOCUMENTOS","DIRECCION SUPERIOR"
"2","SPR","SECCION DE PRODUCCION Y REDACCION","DIRECCION SUPERIOR"
"2","SRPP","SECCION DE RELACIONES PUBLICAS Y PROTOCOLO","DIRECCION SUPERIOR"
"2","UAI","UNIDAD DE AUDITORIA INTERNA","DIRECCION SUPERIOR"
"2","UUAA","UNIDAD DE AUTONOM?AS","DIRECCION SUPERIOR"
"2","UNID.COM","UNIDAD DE COMUNICACION SOCIAL","DIRECCION SUPERIOR"
"2","UDO","UNIDAD DE DESARROLLO ORGANIZACIONAL","DIRECCION SUPERIOR"
"2","UMS","UNIDAD DE MOVIMIENTOS SOCIALES","DIRECCION SUPERIOR"
"1","GADOR","GOBIERNO AUTONOMO DEPARTAMENTAL DE ORURO","(RAIZ)"
"1","PROGPROY","PROGRAMAS Y PROYECTOS 2026","(RAIZ)"
"2","AMFCC","APLIC. DE MEDIDAS FITOAMBIENTALES ANTE EL CAMBIO CLIMATICO 8 MUNICIPIOS DE LA CUENCA POOPO","PROGRAMAS Y PROYECTOS 2026"
"2","APGB","APOYO A LA PRODUCCION DE GANADO BOVINO EN 5 MUNICIPIOS PROD. DEL DPTO DE ORURO","PROGRAMAS Y PROYECTOS 2026"
"2","APLCC","APOYO A LA PRODUCCION DE LLAMAS ANTE EL CAMBIO CLIMATICO EN 8 MUNICIPIOS DEL DPTO DE ORURO","PROGRAMAS Y PROYECTOS 2026"
"2","COCHPLU","CONST. DE OBRAS DE CONTROL HIDRAULICO PARA LA PRESERVACION DEL LAGO URU URU","PROGRAMAS Y PROYECTOS 2026"
"2","CPPPMAS","CONST. PERFORACION DE POZOS PROFUNDOS Y MANEJO DE AGUAS SUBTERRANEAS DEL DEPTO. ORURO","PROGRAMAS Y PROYECTOS 2026"
"2","FPHFVH","FORTAL. LA PRODUCCION DE HORTALIZAS Y FORRAJE VERDE HIDROPONICO EN 16 MUNICIPIOS DEL DEPTO DE ORURO","PROGRAMAS Y PROYECTOS 2026"
"2","IAF","IMPLEM. DE AREAS FORESTALES EN 4 MUNICIPIOS DEL DEPARTAMENTO DE ORURO","PROGRAMAS Y PROYECTOS 2026"
"2","MPQMB","MEJ. DE LA PRODUCCION DE QUINUA MEDIANTE BIOINSUMOS EN 14 MUNICIPIOS DEL DEPARTAMENTO DE ORURO","PROGRAMAS Y PROYECTOS 2026"
"2","MGAA","MEJ. GENETICO DE ANIMALES DE ALTURA  EN EL DEPARTAMENTO ORURO","PROGRAMAS Y PROYECTOS 2026"
"2","PAOI","PROGRAMA DE APOYO A OBRAS DE INFRAESTRUCTURA","PROGRAMAS Y PROYECTOS 2026"
"2","PAIPIA","PROGRAMA DE ATENCION INTEGRAL A LA PRIMERA INFANCIA Y ADOLESCENCIA DEL DEPARTAMENTO DE ORURO","PROGRAMAS Y PROYECTOS 2026"
"2","PAPREC","PROGRAMA DE ATENCION Y PREVENCION DE RIESGOS ANTE EVENTOS CLIMATICOS","PROGRAMAS Y PROYECTOS 2026"
"2","PFFCRMDO","PROGRAMA DE FORTALECIMIENTO DE FISCALIZACION Y CONTROL DE REGALIAS MINERAS EN EL DEPARTAMENTO DE ORURO","PROGRAMAS Y PROYECTOS 2026"
"2","PFGDAC","PROGRAMA DE FORTALECIMIENTO PARA LA GESTION Y DESARROLLO ARTISTICO Y CULTURAL","PROGRAMAS Y PROYECTOS 2026"
"2","PFITT","PROGRAMA DE FORTALECIMIENTOA LOS INSTITUTOS TECNICO TECNOLOGICOS DEL DEPARTAMENTO DE ORURO","PROGRAMAS Y PROYECTOS 2026"
"2","PMDTDO","PROGRAMA DE MANEJO Y DELIMITACION TERRITORIAL DEL DEPARTAMENTO DE ORURO","PROGRAMAS Y PROYECTOS 2026"
"2","PME","PROGRAMA DE MEJORAMIENTO ELECTRICO DEL DEPARTAMENTO DE ORURO","PROGRAMAS Y PROYECTOS 2026"
"2","PPAEDA","PROGRAMA DE PREVENCION Y APOYO A EMERGENCIAS Y/O DESASTRES AGROPECUARIOS EN MUNICIPIOS DEL DEPARTAMENTO DE ORURO","PROGRAMAS Y PROYECTOS 2026"
"2","PDAAE","PROGRAMA DEPARTAMENTAL AGROPECUARIO DE ATENCION Y EMERGENCIAS","PROGRAMAS Y PROYECTOS 2026"
"2","PDAPS","PROGRAMA DEPARTAMENTAL DE ATENCION Y PROTECCION SOCIAL","PROGRAMAS Y PROYECTOS 2026"
"2","PPFT","PROGRAMA PROMOCION Y FORTALECIMIENTO AL TURISMO DEL DEPARTAMENTO DE ORURO","PROGRAMAS Y PROYECTOS 2026"
"2","PPSPCMI","PROGRAMA PROMOCION Y SALVAGUARDIA DEL PATRIMONIO CULTURAL MATERIAL E INMATERIAL DE ORURO","PROGRAMAS Y PROYECTOS 2026"
"1","SG","SECRETARIA GENERAL","(RAIZ)"
"2","DDSC","DIRECCION DEPTAL. DE SEGURIDAD CIUDADANA","SECRETARIA GENERAL"
"3","DDSC-PESC","PROGRAMA ESTRATEGICO A LA SEGURIDAD CIUDADANA ","DIRECCION DEPTAL. DE SEGURIDAD CIUDADANA"
"2","DDSC","PROGRAMA DE APOYO Y PREVENCION A LA SEGURIDAD CIUDADANA EN EL DEPARTAMENTO DE ORURO","SECRETARIA GENERAL"
"2","SGP","SUB GOBERNADORES PROVINCIALES","SECRETARIA GENERAL"
"2","UGRD","UNIDAD DE GESTION DE RIESGOS - U.G.R.","SECRETARIA GENERAL"
"1","SDAFP","STRIA. DEPTAL. DE ADMINISTRACION Y FINANZAS PUBLICAS","(RAIZ)"
"2","ACBYS","AREA CONTRATACION DE BIENES Y SERVICIOS","STRIA. DEPTAL. DE ADMINISTRACION Y FINANZAS PUBLICAS"
"2","ACI","AREA DE CONTABILIDAD INTEGRADA","STRIA. DEPTAL. DE ADMINISTRACION Y FINANZAS PUBLICAS"
"2","AP","AREA DE PRESUPUESTOS","STRIA. DEPTAL. DE ADMINISTRACION Y FINANZAS PUBLICAS"
"2","RRHH","AREA DE RR.HH.","STRIA. DEPTAL. DE ADMINISTRACION Y FINANZAS PUBLICAS"
"2","ATCP","AREA DE TESORERIA Y CREDITO PUBLICO","STRIA. DEPTAL. DE ADMINISTRACION Y FINANZAS PUBLICAS"
"2","APDBS","AREA PROVISION Y DOTACION BIENES Y SERVICIOS","STRIA. DEPTAL. DE ADMINISTRACION Y FINANZAS PUBLICAS"
"2","SAF","SECCION DE ACTIVOS FIJOS","STRIA. DEPTAL. DE ADMINISTRACION Y FINANZAS PUBLICAS"
"2","SCM","SECCION DE COMPRAS MENORES","STRIA. DEPTAL. DE ADMINISTRACION Y FINANZAS PUBLICAS"
"2","SMOC","SECCION DE MANTENIMIENTO OBRAS CIVILES","STRIA. DEPTAL. DE ADMINISTRACION Y FINANZAS PUBLICAS"
"2","SMV","SECCION DE MANTENIMIENTO VEHICULAR","STRIA. DEPTAL. DE ADMINISTRACION Y FINANZAS PUBLICAS"
"2","SAAP","SUB - AREA ADMINISTRACION PERSONAL","STRIA. DEPTAL. DE ADMINISTRACION Y FINANZAS PUBLICAS"
"2","SALC","SUB-AREA DE LICITACIONES Y CONTRATACIONES","STRIA. DEPTAL. DE ADMINISTRACION Y FINANZAS PUBLICAS"
"2","SADR","SUB-AREA DESEMPENO Y REMUNERACION","STRIA. DEPTAL. DE ADMINISTRACION Y FINANZAS PUBLICAS"
"2","SA","SUB-SECCION DE ALMACENES","STRIA. DEPTAL. DE ADMINISTRACION Y FINANZAS PUBLICAS"
"2","UAI","UNIDAD ADMINISTRATIVA","STRIA. DEPTAL. DE ADMINISTRACION Y FINANZAS PUBLICAS"
"2","UF","UNIDAD DE FINANZAS","STRIA. DEPTAL. DE ADMINISTRACION Y FINANZAS PUBLICAS"
"1","SDAJ","STRIA. DEPTAL. DE ASUNTOS JURIDICOS","(RAIZ)"
"2","DDLT","DIRECCION DEPARTAMENTAL DE LIMITES TERRITORIALES","STRIA. DEPTAL. DE ASUNTOS JURIDICOS"
"2","NG","NOTARIA DE GOBIERNO","STRIA. DEPTAL. DE ASUNTOS JURIDICOS"
"2","UAJ","UNIDAD DE ANALISIS JURIDICO ","STRIA. DEPTAL. DE ASUNTOS JURIDICOS"
"2","UDL","UNIDAD DE DEFENSA LEGAL","STRIA. DEPTAL. DE ASUNTOS JURIDICOS"
"1","SDCT","STRIA. DEPTAL. DE CULTURA Y TURISMO","(RAIZ)"
"2","NST","NORMAS Y SERVICIOS TURISTICOS","STRIA. DEPTAL. DE CULTURA Y TURISMO"
"2","PDFEA","PROGRAMA DEPARTAMENTAL AL FOMENTO DE LAS EXPRESIONES ARTISTICAS","STRIA. DEPTAL. DE CULTURA Y TURISMO"
"2","PDEFT","PROGRAMA DEPARTAMENTAL DE EXTENSION Y FOMENTO DEL TURISMO EN ORURO","STRIA. DEPTAL. DE CULTURA Y TURISMO"
"2","PPPC","PROGRAMA PRESERVACION AL PATRIMONIO CULTURAL DEL DEPARTAMENTO DE ORURO ","STRIA. DEPTAL. DE CULTURA Y TURISMO"
"2","UDC","UNIDAD DE DESARROLLO CULTURAL","STRIA. DEPTAL. DE CULTURA Y TURISMO"
"1","SDDPI","STRIA. DEPTAL. DE DESARROLLO PRODUCTIVO E INDUSTRIA","(RAIZ)"
"2","REACTIVATIC","APOYO A LA COMPETITIVIDAD DE LA MICRO Y PEQUENA EMPRESA (REACTIVA TIC) EN MUN PROD DEL DPTO DE ORURO","STRIA. DEPTAL. DE DESARROLLO PRODUCTIVO E INDUSTRIA"
"2","APHSA","APOYO A LA PRODUCCION DE HORTALIZAS CON SOBERANIA ALIMENTARIA EN 10 MUNICIPIOS DEL DPTO. DE ORURO ","STRIA. DEPTAL. DE DESARROLLO PRODUCTIVO E INDUSTRIA"
"2","APM","APOYO A LA PRODUCCION MiPyMEs","STRIA. DEPTAL. DE DESARROLLO PRODUCTIVO E INDUSTRIA"
"2","CMDGO","CONSER. Y MANEJO DE LA DIVERSIDAD GENETICA OVINA EN LOS 4 MUNICIPIOS DEL DPTO. DE ORURO ","STRIA. DEPTAL. DE DESARROLLO PRODUCTIVO E INDUSTRIA"
"2","DPEIC","DIRECCION DE PROMOCION ECONOMICA INDUSTRIA Y COMERCIO","STRIA. DEPTAL. DE DESARROLLO PRODUCTIVO E INDUSTRIA"
"2","FPLGB","FORTAL. A LA PRODUCCION LECHERA DEL GANADO BOVINO EN 8 MUNICIPIOS DEL DEPARTAMENTO DE ORURO ","STRIA. DEPTAL. DE DESARROLLO PRODUCTIVO E INDUSTRIA"
"2","FPOGA","FORTAL. LA PRODUCCION ORGANICA DE GRANOS ANDINOS EN 10 MUNICIPIOS DEL DEPARTAMENTO DE ORURO ","STRIA. DEPTAL. DE DESARROLLO PRODUCTIVO E INDUSTRIA"
"2","GE","GESTION EMPRESARIAL","STRIA. DEPTAL. DE DESARROLLO PRODUCTIVO E INDUSTRIA"
"2","MMGC","MEJ. AL MANEJO DEL GANADO CAMELIDO EN 10 MUNICIPIOS DEL DPTO. DE ORURO ","STRIA. DEPTAL. DE DESARROLLO PRODUCTIVO E INDUSTRIA"
"2","MSPP","MEJORAMIENTO DEL SISTEMA DE PRODUCCION DE PAPA EN 11 MUNICIPIOS DEL DEPARTAMENTO DE ORURO","STRIA. DEPTAL. DE DESARROLLO PRODUCTIVO E INDUSTRIA"
"2","PMEILL","PRESER. Y MONITOREO DE ESPECIES ICTICOLAS EN LAGOS Y LAGUNAS EN 11 MUNICIPIOS ","STRIA. DEPTAL. DE DESARROLLO PRODUCTIVO E INDUSTRIA"
"2","PAPAC","PROGRAMA DE APOYO A LA PRODUCCION DE ALIMENTOS COMPLEMENTARIOS EN EL DEPARTAMENTO DE ORURO ","STRIA. DEPTAL. DE DESARROLLO PRODUCTIVO E INDUSTRIA"
"2","ASPMCFM","PROGRAMA DE APOYO AL SECTOR PRODUCTIVO MEDIANTE EL CAMPO FERIAL MULTIPROPOSITO ORURO","STRIA. DEPTAL. DE DESARROLLO PRODUCTIVO E INDUSTRIA"
"2","PDAAEACA","PROGRAMA DEPARTAMENTAL AGROPECUARIO DE ATENCION Y EMERGENCIAS ANTE EVENTOS CLIMATICOS ADVERSOS","STRIA. DEPTAL. DE DESARROLLO PRODUCTIVO E INDUSTRIA"
"2","SEDAG","SERVICIO DEPTAL. AGROPECUARIO","STRIA. DEPTAL. DE DESARROLLO PRODUCTIVO E INDUSTRIA"
"1","SDDSYSA","STRIA. DEPTAL. DE DESARROLLO SOCIAL Y SEGURIDAD ALIMENTARIA","(RAIZ)"
"2","AITTyA","AREA DE INSTITUTO TECNICO, TECNOLOGICO Y ARTISTICO","STRIA. DEPTAL. DE DESARROLLO SOCIAL Y SEGURIDAD ALIMENTARIA"
"2","DDSGGF","DIRECCION DE DESARROLLO SOCIAL, GENERO GENERACIONAL Y FAMILIA","STRIA. DEPTAL. DE DESARROLLO SOCIAL Y SEGURIDAD ALIMENTARIA"
"3","PDAMPCDAMJ","PROGRAMA DEPARTAMENTAL DE APOYO A LA MUJER PERSONAS CON DISCAPACIDAD ADULTO MAYOR Y JOVENES","DIRECCION DE DESARROLLO SOCIAL, GENERO GENERACIONAL Y FAMILIA"
"2","PS","POLITICAS SOCIALES","STRIA. DEPTAL. DE DESARROLLO SOCIAL Y SEGURIDAD ALIMENTARIA"
"2","PROFITEC","PROGRAMA DE FORTALECIMIENTO A LOS INSTITUTOS TECNICO, TECNOLOGICOS DEL DEPARTAMENTO DE ORURO","STRIA. DEPTAL. DE DESARROLLO SOCIAL Y SEGURIDAD ALIMENTARIA"
"2","PFDMJAMPD","PROGRAMA DEPARTAMENTAL DE FORTALECIMIENTO DE LOS DERECHOS DE LA MUJER, JUVENTUD, ADULTO MAYOR Y PERSONAS CON DISCAPACIDAD","STRIA. DEPTAL. DE DESARROLLO SOCIAL Y SEGURIDAD ALIMENTARIA"
"2","SLCRTFD","SECCI?N LUCHA CONTRA EL RACISMO Y TODA FORMA DE DISCRIMINACION","STRIA. DEPTAL. DE DESARROLLO SOCIAL Y SEGURIDAD ALIMENTARIA"
"2","SSAAN","SECCI?N SEGURIDAD ALIMENTARIA - ALIMENTACION Y NUTRICION","STRIA. DEPTAL. DE DESARROLLO SOCIAL Y SEGURIDAD ALIMENTARIA"
"2","SEDES","SERVICIO DEPARTAMENTAL DE SALUD","STRIA. DEPTAL. DE DESARROLLO SOCIAL Y SEGURIDAD ALIMENTARIA"
"2","UE-PCD","UNIDAD ESPECIALIZADA PARA LAS PERSONAS CON DISCAPACIDAD","STRIA. DEPTAL. DE DESARROLLO SOCIAL Y SEGURIDAD ALIMENTARIA"
"1","SDMAAYMT","STRIA. DEPTAL. DE MEDIO AMBIENTE AGUA Y MADRE TIERRA","(RAIZ)"
"2","PFMCSV","FORTALECIMIENTO DEL MANEJO COMUNITARIO SOSTENIBLE DE LA VICUNA EN EL DEPARTAMENTO DE ORURO","STRIA. DEPTAL. DE MEDIO AMBIENTE AGUA Y MADRE TIERRA"
"2","GA","GESTION AMBIENTAL","STRIA. DEPTAL. DE MEDIO AMBIENTE AGUA Y MADRE TIERRA"
"2","IARCVA","IMPLEM. DE AREAS DE RESERVA CON COBERTURA VEGETAL ALTOANDINA EN 9 MUNICIPIOS DE ORURO","STRIA. DEPTAL. DE MEDIO AMBIENTE AGUA Y MADRE TIERRA"
"2","PICFMDOR","IMPLEM. DE LA COBERTURA FORESTAL EN 6 MUNICIPIOS DEL DEPARTAMENTO DE ORURO ","STRIA. DEPTAL. DE MEDIO AMBIENTE AGUA Y MADRE TIERRA"
"2","PMST","MANEJO SOSTENIBLE DE LOS TOTORALES EN LOS LAGOS URU URU Y POOPO","STRIA. DEPTAL. DE MEDIO AMBIENTE AGUA Y MADRE TIERRA"
"2","PPSVSDMDO","PRESERVACION DE SISTEMA DE VIDA EN SUELOS DESCERTIFICADOS EN 1O MUNICIPIOS DEL DEPARTAMENTO DE ORURO ","STRIA. DEPTAL. DE MEDIO AMBIENTE AGUA Y MADRE TIERRA"
"2","PDVH2V","PROGRAMA DE DESARROLLO DE VALLES DE HIDROGENO VERDE EN EL DEPARTAMENTO DE ORURO","STRIA. DEPTAL. DE MEDIO AMBIENTE AGUA Y MADRE TIERRA"
"2","PEAI","PROGRAMA EDUCACION AMBIENTAL INTEGRAL EN EL DEPARTAMENTO DE ORURO","STRIA. DEPTAL. DE MEDIO AMBIENTE AGUA Y MADRE TIERRA"
"2","RMVPNMDO","REPOS. DEL MANTO VEGETAL DE PRADERAS NATIVAS EN 10 MUNICIPIOS DEL DEPARTAMENTO DE ORURO ","STRIA. DEPTAL. DE MEDIO AMBIENTE AGUA Y MADRE TIERRA"
"2","SEDACYR","SERVICIO DEPARTAMENTAL DE AGUAS, CUENCAS Y RIEGOS","STRIA. DEPTAL. DE MEDIO AMBIENTE AGUA Y MADRE TIERRA"
"3","PMSACHPC","PROYECTO MANEJO DEL SISTEMA ACUIFERO CHALLAPAMPA, PARIA Y COCHIRAYA","SERVICIO DEPARTAMENTAL DE AGUAS, CUENCAS Y RIEGOS"
"2","UMARN","UNIDAD DE MEDIO AMB. Y REC. NATURALES","STRIA. DEPTAL. DE MEDIO AMBIENTE AGUA Y MADRE TIERRA"
"1","SDMMRE","STRIA. DEPTAL. DE MINERIA, METALURGIA Y RECURSOS ENERGETICOS","(RAIZ)"
"2","AASCC","AREA DE AUTOMATIZACION DEL SISTEMA DE CONTROL Y COBRO","STRIA. DEPTAL. DE MINERIA, METALURGIA Y RECURSOS ENERGETICOS"
"2","ADCM","AREA DE DESARROLLO COOPERATIVO MINERO","STRIA. DEPTAL. DE MINERIA, METALURGIA Y RECURSOS ENERGETICOS"
"2","AMMNM","AREA DE MINERALES METALICOS Y NO METALICOS","STRIA. DEPTAL. DE MINERIA, METALURGIA Y RECURSOS ENERGETICOS"
"2","AREE","AREA DE RECURSOS EVAPORITICOS Y ENERGETICOS","STRIA. DEPTAL. DE MINERIA, METALURGIA Y RECURSOS ENERGETICOS"
"2","AL","AREA LEGAL","STRIA. DEPTAL. DE MINERIA, METALURGIA Y RECURSOS ENERGETICOS"
"2","AOCF","AREA OPERATIVA DE CONTROL Y FISCALIZACION","STRIA. DEPTAL. DE MINERIA, METALURGIA Y RECURSOS ENERGETICOS"
"2","DRM","DIRECCION DE REGALIAS MINERAS","STRIA. DEPTAL. DE MINERIA, METALURGIA Y RECURSOS ENERGETICOS"
"3","UACA","UNIDAD DE ADMINISTRACION CONTROL Y AUTOMATIZACION","DIRECCION DE REGALIAS MINERAS"
"3","UACA","UNIDAD DE ADMINISTRACION CONTROL Y AUTOMATIZACION","DIRECCION DE REGALIAS MINERAS"
"2","DTGDME","DIRECCION TECNICA DE GEOLOGIA, DESARROLLO MINERO Y ENERGIA","STRIA. DEPTAL. DE MINERIA, METALURGIA Y RECURSOS ENERGETICOS"
"2","UTGPME","UNIDAD TECNICA DE GEOLOGIA, PROYECTOS MINEROS Y ENERGETICOS","STRIA. DEPTAL. DE MINERIA, METALURGIA Y RECURSOS ENERGETICOS"
"1","SDOP","STRIA. DEPTAL. DE OBRAS PUBLICAS","(RAIZ)"
"2","AOC","AREA DE OBRAS CIVILES","STRIA. DEPTAL. DE OBRAS PUBLICAS"
"2","COCHBIRDDO","CONST. OBRAS DE CONTROL HIDRAULICO EN EL BRAZO IZQUIERDO DEL RIO DESAGUADERO DPTO. DE ORURO ","STRIA. DEPTAL. DE OBRAS PUBLICAS"
"2","DI","DIRECCION DE INFRAESTRUCTURA","STRIA. DEPTAL. DE OBRAS PUBLICAS"
"2","EREA","ELECTRIFICACION RURAL Y ENERGIAS ALTERNATIVAS","STRIA. DEPTAL. DE OBRAS PUBLICAS"
"2","ISPCIRD","IMPLEM. DEL SISTEMA DE PREVENCION CONTRA INUNDACIONES EN EL RIO DESAGUADERO DEPARTAMENTO DE ORURO","STRIA. DEPTAL. DE OBRAS PUBLICAS"
"2","PAED","PROGRAMA DE APOYO A LA ELECTRIFICACION DEPARTAMENTAL","STRIA. DEPTAL. DE OBRAS PUBLICAS"
"2","PTII","PROGRAMA DE TRANSPORTE INTERPROVINCIAL E INTERMUNICIPAL DEL DEPARTAMENTO DE ORURO","STRIA. DEPTAL. DE OBRAS PUBLICAS"
"2","PDFOC","PROGRAMA DEPARTAMENTAL DE FORTALECIMIENTO A OBRAS CIVILES","STRIA. DEPTAL. DE OBRAS PUBLICAS"
"2","PDMASB","PROGRAMA DEPARTAMENTAL DE MONITOREO DE AGUA Y SANEAMIENTO BASICO","STRIA. DEPTAL. DE OBRAS PUBLICAS"
"2","PDRE","PROGRAMA DEPARTAMENTAL DE RIESGOS Y EMERGENCIAS ","STRIA. DEPTAL. DE OBRAS PUBLICAS"
"2","PCPPPUHDO","PROYECTO CONST. Y PERFORACION DE POZOS PROFUNDOS EL USO DE HIDRICOS EN EL DEPARTAMENTO DE ORURO ","STRIA. DEPTAL. DE OBRAS PUBLICAS"
"2","UEH","UNIDAD DE ENERGIA E HIDROCARBUROS","STRIA. DEPTAL. DE OBRAS PUBLICAS"
"2","UPRADE","UNIDAD DE PREVENCION DE RIESGOS Y ATENCION DE DESASTRES Y/O EMERGENCIAS","STRIA. DEPTAL. DE OBRAS PUBLICAS"
"2","UNASBVI","UNIDAD DE SANEAMIENTO BASICO Y VIVIENDA ","STRIA. DEPTAL. DE OBRAS PUBLICAS"
"2","UDETRA","UNIDAD DEPARTAMENTAL DE TRANSPORTE (UDETRA)","STRIA. DEPTAL. DE OBRAS PUBLICAS"
"1","SDPD","STRIA. DEPTAL. DE PLANIFICACION DEL DESARROLLO","(RAIZ)"
"2","APIP","AREA DE PROGRAMACION DE INVERSION PUBLICA","STRIA. DEPTAL. DE PLANIFICACION DEL DESARROLLO"
"2","ATI","AREA DE TECNOLOGIA DE LA INFORMACION","STRIA. DEPTAL. DE PLANIFICACION DEL DESARROLLO"
"2","PDATIPG","PROGRAMA DE APOYO TECNICO A LA INVERSION PUBLICA EN EL GOBIERNO AUTONOMO DEPARTAMENTAL DE ORURO","STRIA. DEPTAL. DE PLANIFICACION DEL DESARROLLO"
"2","PFIP","PROGRAMA DE FORTALECIMIENTO A LA INVERSION PUBLICA DE LA GOBERNACION DE ORURO","STRIA. DEPTAL. DE PLANIFICACION DEL DESARROLLO"
"2","SAIPO","SECCION ASUNTOS INDIGENAS Y PUEBLOS ORIGINARIOS","STRIA. DEPTAL. DE PLANIFICACION DEL DESARROLLO"
"2","SED-FM","SERVICIO DEPTAL. DE FORTALECIMIENTO MUNICIPAL Y DESCOLONIZACION","STRIA. DEPTAL. DE PLANIFICACION DEL DESARROLLO"
"3","FOMRIE","FORTAL. A. MUNICIPIOS Y RELEVAMIENTO DE INFORMACION ESTADISTICA DEL GOBIERNO AUTONOMO DEPARTAMENTAL DE ORURO","SERVICIO DEPTAL. DE FORTALECIMIENTO MUNICIPAL Y DESCOLONIZACION"
"2","UGPPP","UNIDAD DE GESTION DE PROGRAMAS Y PROYECTOS","STRIA. DEPTAL. DE PLANIFICACION DEL DESARROLLO"
"2","UPEET","UNIDAD DE PLANIFICACION ESTRATEGICA Y ESTADISTICA TERRITORIAL","STRIA. DEPTAL. DE PLANIFICACION DEL DESARROLLO"
"2","UPIEP","UNIDAD DE PRE-INVERSION Y EVALUACION DE PROYECTOS","STRIA. DEPTAL. DE PLANIFICACION DEL DESARROLLO"
